{"name": "", "tool_active_index": 0, "tools": [{"ball_cone_cutter": {"angle": 0.7853981852531433, "length": 0.10000000149011612, "lower_diameter": 0.003000000026077032, "upper_diameter": 0.003000000026077032}, "ball_cutter": {"diameter": 0.003000000026077032, "length": 0.10000000149011612}, "bull_cone_cutter": {"angle": 0.7853981852531433, "corner_radius": 0.0010000000474974513, "length": 0.10000000149011612, "lower_diameter": 0.003000000026077032, "upper_diameter": 0.003000000026077032}, "bull_cutter": {"corner_radius": 0.0010000000474974513, "diameter": 0.003000000026077032, "length": 0.10000000149011612}, "cone_cone_cutter": {"length": 0.10000000149011612, "lower_angle": 1.5707963705062866, "lower_diameter": 0.003000000026077032, "upper_angle": 0.7853981852531433, "upper_diameter": 0.003000000026077032}, "cone_cutter": {"angle": 0.7853981852531433, "diameter": 0.003000000026077032, "length": 0.10000000149011612}, "cylinder_cone_cutter": {"angle": 0.7853981852531433, "length": 0.10000000149011612, "lower_diameter": 0.003000000026077032, "upper_diameter": 0.003000000026077032}, "cylinder_cutter": {"diameter": 0.003000000026077032, "length": 0.10000000149011612}, "laser_cutter": {"diameter": 0.003000000026077032}, "name": "Tool", "plasma_cutter": {"diameter": 0.003000000026077032}, "type": "CYLINDER"}]}